INSERT INTO `kertas` (`k_id`, `k_jenis`, `k_harga`, `k_ukuran`) VALUES ('k0001', 'kertas A0S', '10000', 'kertasA0 siku');
INSERT INTO `kertas` (`k_id`, `k_jenis`, `k_harga`, `k_ukuran`) VALUES ('k0002', 'kertas A0L', '10000', 'kertasA0 ludu');
INSERT INTO `kertas` (`k_id`, `k_jenis`, `k_harga`, `k_ukuran`) VALUES ('k0003', 'kertas A0R', '10000', 'kertasA0 rami');
INSERT INTO `kertas` (`k_id`, `k_jenis`, `k_harga`, `k_ukuran`) VALUES ('k0004', 'kertas A0M', '10000', 'kertasA0 mila');
INSERT INTO `kertas` (`k_id`, `k_jenis`, `k_harga`, `k_ukuran`) VALUES ('k0005', 'kertas A0W', '10000', 'kertasA0 wami');

INSERT INTO `kertas` (`k_id`, `k_jenis`, `k_harga`, `k_ukuran`) VALUES ('k0006', 'kertas A0S', '5000', 'kertasA1 sidu');
INSERT INTO `kertas` (`k_id`, `k_jenis`, `k_harga`, `k_ukuran`) VALUES ('k0007', 'kertas A0S', '5000', 'kertasA1 siku');
INSERT INTO `kertas` (`k_id`, `k_jenis`, `k_harga`, `k_ukuran`) VALUES ('k0008', 'kertas A0L', '5000', 'kertasA1 ludu');
INSERT INTO `kertas` (`k_id`, `k_jenis`, `k_harga`, `k_ukuran`) VALUES ('k0009', 'kertas A0R', '5000', 'kertasA1 rami');
INSERT INTO `kertas` (`k_id`, `k_jenis`, `k_harga`, `k_ukuran`) VALUES ('k0010', 'kertas A0M', '5000', 'kertasA1 mila');

INSERT INTO `kertas` (`k_id`, `k_jenis`, `k_harga`, `k_ukuran`) VALUES ('k0011', 'kertas A0W', '2000', 'kertasA2 wami');
INSERT INTO `kertas` (`k_id`, `k_jenis`, `k_harga`, `k_ukuran`) VALUES ('k0012', 'kertas A0S', '2000', 'kertasA2 sidu');
INSERT INTO `kertas` (`k_id`, `k_jenis`, `k_harga`, `k_ukuran`) VALUES ('k0013', 'kertas A0S', '2000', 'kertasA2 siku');
INSERT INTO `kertas` (`k_id`, `k_jenis`, `k_harga`, `k_ukuran`) VALUES ('k0014', 'kertas A0L', '2000', 'kertasA2 ludu');
INSERT INTO `kertas` (`k_id`, `k_jenis`, `k_harga`, `k_ukuran`) VALUES ('k0015', 'kertas A0R', '2000', 'kertasA2 rami');

INSERT INTO `kertas` (`k_id`, `k_jenis`, `k_harga`, `k_ukuran`) VALUES ('k0016', 'kertas A0M', '1000', 'kertasA3 mila');
INSERT INTO `kertas` (`k_id`, `k_jenis`, `k_harga`, `k_ukuran`) VALUES ('k0017', 'kertas A0W', '1000', 'kertasA3 wami');
INSERT INTO `kertas` (`k_id`, `k_jenis`, `k_harga`, `k_ukuran`) VALUES ('k0018', 'kertas A0S', '1000', 'kertasA3 sidu');
INSERT INTO `kertas` (`k_id`, `k_jenis`, `k_harga`, `k_ukuran`) VALUES ('k0019', 'kertas A0S', '1000', 'kertasA3 siku');
INSERT INTO `kertas` (`k_id`, `k_jenis`, `k_harga`, `k_ukuran`) VALUES ('k0020', 'kertas A0L', '1000', 'kertasA3 ludu');

INSERT INTO `kertas` (`k_id`, `k_jenis`, `k_harga`, `k_ukuran`) VALUES ('k0021', 'kertas A0R', '500', 'kertasA4 rami');
INSERT INTO `kertas` (`k_id`, `k_jenis`, `k_harga`, `k_ukuran`) VALUES ('k0022', 'kertas A0M', '500', 'kertasA4 mila');
INSERT INTO `kertas` (`k_id`, `k_jenis`, `k_harga`, `k_ukuran`) VALUES ('k0023', 'kertas A0W', '500', 'kertasA4 wami');
INSERT INTO `kertas` (`k_id`, `k_jenis`, `k_harga`, `k_ukuran`) VALUES ('k0024', 'kertas A0S', '500', 'kertasA4 sidu');
INSERT INTO `kertas` (`k_id`, `k_jenis`, `k_harga`, `k_ukuran`) VALUES ('k0025', 'kertas A0L', '500', 'kertasA4 ludu');

INSERT INTO `printer`(`pt_id`, `pt_nama`, `pt_status`) VALUES ("p0001","epsonA", "bagus");
INSERT INTO `printer`(`pt_id`, `pt_nama`, `pt_status`) VALUES ("p0002","epsonB", "rusak");
INSERT INTO `printer`(`pt_id`, `pt_nama`, `pt_status`) VALUES ("p0003","epsonC", "bagus");
INSERT INTO `printer`(`pt_id`, `pt_nama`, `pt_status`) VALUES ("p0004","epsonD", "bagus");
INSERT INTO `printer`(`pt_id`, `pt_nama`, `pt_status`) VALUES ("p0005","epsonE", "bagus");

INSERT INTO `printer`(`pt_id`, `pt_nama`, `pt_status`) VALUES ("p0006","sonyA", "bagus");
INSERT INTO `printer`(`pt_id`, `pt_nama`, `pt_status`) VALUES ("p0007","sonyB", "bagus");
INSERT INTO `printer`(`pt_id`, `pt_nama`, `pt_status`) VALUES ("p0008","sonyC", "habis");
INSERT INTO `printer`(`pt_id`, `pt_nama`, `pt_status`) VALUES ("p0009","sonyD", "bagus");
INSERT INTO `printer`(`pt_id`, `pt_nama`, `pt_status`) VALUES ("p0010","sonyE", "bagus");

INSERT INTO `printer`(`pt_id`, `pt_nama`, `pt_status`) VALUES ("p0011","samsungA", "bagus");
INSERT INTO `printer`(`pt_id`, `pt_nama`, `pt_status`) VALUES ("p0012","samsungB", "habis");
INSERT INTO `printer`(`pt_id`, `pt_nama`, `pt_status`) VALUES ("p0013","samsungC", "rusak");
INSERT INTO `printer`(`pt_id`, `pt_nama`, `pt_status`) VALUES ("p0014","samsungD", "bagus");
INSERT INTO `printer`(`pt_id`, `pt_nama`, `pt_status`) VALUES ("p0015","samsungE", "bagus");

INSERT INTO `printer`(`pt_id`, `pt_nama`, `pt_status`) VALUES ("p0016","rampungA", "bagus");
INSERT INTO `printer`(`pt_id`, `pt_nama`, `pt_status`) VALUES ("p0017","rampungB", "bagus");
INSERT INTO `printer`(`pt_id`, `pt_nama`, `pt_status`) VALUES ("p0018","rampungC", "bagus");
INSERT INTO `printer`(`pt_id`, `pt_nama`, `pt_status`) VALUES ("p0019","rampungD", "bagus");
INSERT INTO `printer`(`pt_id`, `pt_nama`, `pt_status`) VALUES ("p0020","rampungE", "rusak");

INSERT INTO `pemesan` (`pm_id`, `pm_nama`, `pm_tgl_lahir`, `pm_alamat`, `pm_notelp`) VALUES ('pm001', 'joko', '1980-04-09', 'jalan merpati no 8', '085797896328');
INSERT INTO `pemesan` (`pm_id`, `pm_nama`, `pm_tgl_lahir`, `pm_alamat`, `pm_notelp`) VALUES ('pm002', 'budi', '1995-05-10', 'jalan kurcaci no 11', '085797853328');
INSERT INTO `pemesan` (`pm_id`, `pm_nama`, `pm_tgl_lahir`, `pm_alamat`, `pm_notelp`) VALUES ('pm003', 'ani', '1980-04-11', 'jalan mawar no 2', '085798295328');
INSERT INTO `pemesan` (`pm_id`, `pm_nama`, `pm_tgl_lahir`, `pm_alamat`, `pm_notelp`) VALUES ('pm004', 'rudi', '1990-07-05', 'jalan edelweis no 4', '085793622328');
INSERT INTO `pemesan` (`pm_id`, `pm_nama`, `pm_tgl_lahir`, `pm_alamat`, `pm_notelp`) VALUES ('pm005', 'joka', '1993-12-04', 'jalan bukit tinggi no 8', '174994681328');

INSERT INTO `pemesan` (`pm_id`, `pm_nama`, `pm_tgl_lahir`, `pm_alamat`, `pm_notelp`) VALUES ('pm006', 'kuna', '1999-10-20', 'jalan kurcaci no 4', '184594681328');
INSERT INTO `pemesan` (`pm_id`, `pm_nama`, `pm_tgl_lahir`, `pm_alamat`, `pm_notelp`) VALUES ('pm007', 'tono', '1997-07-29', 'jalan ada no 2', '184094681328');
INSERT INTO `pemesan` (`pm_id`, `pm_nama`, `pm_tgl_lahir`, `pm_alamat`, `pm_notelp`) VALUES ('pm008', 'budianto', '1990-11-07', 'jalan segitiga no 5', '174994681328');
INSERT INTO `pemesan` (`pm_id`, `pm_nama`, `pm_tgl_lahir`, `pm_alamat`, `pm_notelp`) VALUES ('pm009', 'anika', '1989-04-08', 'jalan segitiga no 8', '183994681328');
INSERT INTO `pemesan` (`pm_id`, `pm_nama`, `pm_tgl_lahir`, `pm_alamat`, `pm_notelp`) VALUES ('pm010', 'toni', '1988-05-11', 'jalan persegi no 2', '193594681328');

INSERT INTO `pemesan` (`pm_id`, `pm_nama`, `pm_tgl_lahir`, `pm_alamat`, `pm_notelp`) VALUES ('pm011', 'rayna', '2003-07-17', 'jalan bujur no 5', '184594681328');
INSERT INTO `pemesan` (`pm_id`, `pm_nama`, `pm_tgl_lahir`, `pm_alamat`, `pm_notelp`) VALUES ('pm012', 'hani', '2001-05-12', 'jalan lintang no 7', '193594681328');
INSERT INTO `pemesan` (`pm_id`, `pm_nama`, `pm_tgl_lahir`, `pm_alamat`, `pm_notelp`) VALUES ('pm013', 'haryanto', '2000-05-20', 'jalan lintang utara no 3', '104946813283');
INSERT INTO `pemesan` (`pm_id`, `pm_nama`, `pm_tgl_lahir`, `pm_alamat`, `pm_notelp`) VALUES ('pm014', 'hans', '1987-10-11', 'jalan puncak ada no 4', '275894681328');
INSERT INTO `pemesan` (`pm_id`, `pm_nama`, `pm_tgl_lahir`, `pm_alamat`, `pm_notelp`) VALUES ('pm015', 'bowo', '1990-09-09', 'jalan puncak ada no 3', '085794681246');

INSERT INTO `pemesan` (`pm_id`, `pm_nama`, `pm_tgl_lahir`, `pm_alamat`, `pm_notelp`) VALUES ('pm016', 'joni', '1998-09-19', 'jalan lintang utara no 9', '085794682895');
INSERT INTO `pemesan` (`pm_id`, `pm_nama`, `pm_tgl_lahir`, `pm_alamat`, `pm_notelp`) VALUES ('pm017', 'frans', '1995-07-29', 'jalan lintang barat no 12', '085794681935');
INSERT INTO `pemesan` (`pm_id`, `pm_nama`, `pm_tgl_lahir`, `pm_alamat`, `pm_notelp`) VALUES ('pm018', 'handoyo', '1993-10-11', 'jalan lintang timur no 7', '085794682950');
INSERT INTO `pemesan` (`pm_id`, `pm_nama`, `pm_tgl_lahir`, `pm_alamat`, `pm_notelp`) VALUES ('pm019', 'freida', '1980-04-23', 'jalan puncak rama no 11', '085794680086');
INSERT INTO `pemesan` (`pm_id`, `pm_nama`, `pm_tgl_lahir`, `pm_alamat`, `pm_notelp`) VALUES ('pm020', 'fany', '1992-02-10', 'jalan lintang selatan no 1', '085794682845');

INSERT INTO `pegawai` (`pg_id`, `pg_nama`, `pg_tgl_lahir`, `pg_alamat`, `pg_notelp`, `pg_bagian`) VALUES ('pg001', 'husni', '1990-05-07', 'jalan kenjeran no 2', '087649816749', 'manajer');
INSERT INTO `pegawai` (`pg_id`, `pg_nama`, `pg_tgl_lahir`, `pg_alamat`, `pg_notelp`, `pg_bagian`) VALUES ('pg002', 'malik', '1996-09-23', 'jalan semolowaru no 4', '08745654639', 'kasir');
INSERT INTO `pegawai` (`pg_id`, `pg_nama`, `pg_tgl_lahir`, `pg_alamat`, `pg_notelp`, `pg_bagian`) VALUES ('pg003', 'ahmad', '1997-01-24', 'jalan kenjeran no 10', '0816493427689', 'kasir');
INSERT INTO `pegawai` (`pg_id`, `pg_nama`, `pg_tgl_lahir`, `pg_alamat`, `pg_notelp`, `pg_bagian`) VALUES ('pg004', 'irfan', '1992-01-16', 'jalan nginden no 15', '082649345259', 'desainer');
INSERT INTO `pegawai` (`pg_id`, `pg_nama`, `pg_tgl_lahir`, `pg_alamat`, `pg_notelp`, `pg_bagian`) VALUES ('pg005', 'salim', '1993-06-17', 'jalan keputih no 12', '083649816749', 'kasir');

INSERT INTO `pegawai` (`pg_id`, `pg_nama`, `pg_tgl_lahir`, `pg_alamat`, `pg_notelp`, `pg_bagian`) VALUES ('pg006', 'hidayat', '1994-04-17', 'jalan gebang no 12', '087449816749', 'desainer');
INSERT INTO `pegawai` (`pg_id`, `pg_nama`, `pg_tgl_lahir`, `pg_alamat`, `pg_notelp`, `pg_bagian`) VALUES ('pg007', 'nabila', '1995-03-19', 'jalan gebang no 1', '0876498164354', 'desainer');
INSERT INTO `pegawai` (`pg_id`, `pg_nama`, `pg_tgl_lahir`, `pg_alamat`, `pg_notelp`, `pg_bagian`) VALUES ('pg008', 'maulana', '1994-07-09', 'jalan margomulyo no 3', '087551235463', 'printer');
INSERT INTO `pegawai` (`pg_id`, `pg_nama`, `pg_tgl_lahir`, `pg_alamat`, `pg_notelp`, `pg_bagian`) VALUES ('pg009', 'sukma', '1993-02-15', 'jalan prapen no 31', '087149816749', 'printer');
INSERT INTO `pegawai` (`pg_id`, `pg_nama`, `pg_tgl_lahir`, `pg_alamat`, `pg_notelp`, `pg_bagian`) VALUES ('pg010', 'rendy', '1991-05-10', 'jalan jemursari no 12', '087249816749', 'printer');

INSERT INTO `pegawai` (`pg_id`, `pg_nama`, `pg_tgl_lahir`, `pg_alamat`, `pg_notelp`, `pg_bagian`) VALUES ('pg011', 'sinta', '1992-02-02', 'jalan nginden no 10', '082729313549', 'manajer');
INSERT INTO `pegawai` (`pg_id`, `pg_nama`, `pg_tgl_lahir`, `pg_alamat`, `pg_notelp`, `pg_bagian`) VALUES ('pg012', 'bagas', '1995-10-01', 'jalan keputih no 5', '083612856749', 'kasir');
INSERT INTO `pegawai` (`pg_id`, `pg_nama`, `pg_tgl_lahir`, `pg_alamat`, `pg_notelp`, `pg_bagian`) VALUES ('pg013', 'sayuti', '1996-09-25', 'jalan menanggal no 7', '08764116427', 'kasir');
INSERT INTO `pegawai` (`pg_id`, `pg_nama`, `pg_tgl_lahir`, `pg_alamat`, `pg_notelp`, `pg_bagian`) VALUES ('pg014', 'nugroho', '1994-03-03', 'jalan kenjeran 19', '087641234561', 'printer');
INSERT INTO `pegawai` (`pg_id`, `pg_nama`, `pg_tgl_lahir`, `pg_alamat`, `pg_notelp`, `pg_bagian`) VALUES ('pg015', 'amelia', '1996-12-11', 'jalan perak no 17', '0873444666749', 'desainer');

INSERT INTO `pegawai` (`pg_id`, `pg_nama`, `pg_tgl_lahir`, `pg_alamat`, `pg_notelp`, `pg_bagian`) VALUES ('pg016', 'nurdin', '1996-07-10', 'jalan keputih no 18', '087649816749', 'printer');
INSERT INTO `pegawai` (`pg_id`, `pg_nama`, `pg_tgl_lahir`, `pg_alamat`, `pg_notelp`, `pg_bagian`) VALUES ('pg017', 'ujang', '1996-12-31', 'jalan gebang no 17', '081652316749', 'desainer');
INSERT INTO `pegawai` (`pg_id`, `pg_nama`, `pg_tgl_lahir`, `pg_alamat`, `pg_notelp`, `pg_bagian`) VALUES ('pg018', 'adi', '1995-02-07', 'jalan ngagel no 3', '082641123749', 'printer');
INSERT INTO `pegawai` (`pg_id`, `pg_nama`, `pg_tgl_lahir`, `pg_alamat`, `pg_notelp`, `pg_bagian`) VALUES ('pg019', 'rahadian', '1997-01-07', 'jalan mulyosari no 6', '082629212749', 'printer');
INSERT INTO `pegawai` (`pg_id`, `pg_nama`, `pg_tgl_lahir`, `pg_alamat`, `pg_notelp`, `pg_bagian`) VALUES ('pg020', 'adam', '1992-05-08', 'jalan wonokromo no 9', '081629313449', 'printer');

INSERT INTO transaksi (t_id, sp_id, pg_id, pm_id, pt_id, t_tgl_masuk, t_tgl_jadi, t_tgl_ambil, t_total_harga) VALUES
('t0001', 'sp001', 'pg001', 'pm001', 'p0001', '2019-04-09', '2019-04-09', '2019-04-10', '20000'),
('t0002', 'sp002', 'pg001', 'pm002', 'p0002', '2019-04-10', '2019-04-10', '2019-04-11', '10000'),
('t0003', 'sp003', 'pg002', 'pm003', 'p0003', '2019-04-11', '2019-04-11', '2019-04-12', '5000'),
('t0004', 'sp004', 'pg004', 'pm004', 'p0004', '2019-04-11', '2019-04-12', '2019-04-12', '10000'),
('t0005', 'sp005', 'pg004', 'pm005', 'p0005', '2019-04-11', '2019-04-12', '2019-04-12', '2000'),
('t0006', 'sp006', 'pg004', 'pm001', 'p0006', '2019-04-11', '2019-04-12', '2019-04-12', '10000'),
('t0007', 'sp007', 'pg006', 'pm002', 'p0007', '2019-04-11', '2019-04-12', '2019-04-12', '10000'),
('t0008', 'sp008', 'pg007', 'pm002', 'p0008', '2019-04-12', '2019-04-12', '2019-04-13', '10000'),
('t0009', 'sp009', 'pg007', 'pm006', 'p0009', '2019-04-12', '2019-04-13', '2019-04-13', '20000'),
('t0010', 'sp010', 'pg008', 'pm007', 'p0010', '2019-04-13', '2019-04-14', '2019-04-14', '5000'),
('t0011', 'sp011', 'pg009', 'pm008', 'p0011', '2019-04-14', '2019-04-14', '2019-04-15', '5000'),
('t0012', 'sp012', 'pg011', 'pm009', 'p0012', '2019-04-14', '2019-04-15', '2019-04-15', '10000'),
('t0013', 'sp013', 'pg012', 'pm010', 'p0013', '2019-04-16', '2019-04-16', '2019-04-17', '8000'),
('t0014', 'sp014', 'pg012', 'pm011', 'p0014', '2019-04-17', '2019-04-17', '2019-04-18', '8000'),
('t0015', 'sp015', 'pg013', 'pm012', 'p0015', '2019-04-19', '2019-04-19', '2019-04-20', '6000'),
('t0016', 'sp016', 'pg014', 'pm013', 'p0016', '2019-04-20', '2019-04-21', '2019-04-21', '4000'),
('t0017', 'sp017', 'pg015', 'pm014', 'p0017', '2019-04-21', '2019-04-21', '2019-04-22', '2000'),
('t0018', 'sp018', 'pg016', 'pm015', 'p0018', '2019-04-22', '2019-04-23', '2019-04-23', '5000'),
('t0019', 'sp019', 'pg016', 'pm016', 'p0019', '2019-04-24', '2019-04-24', '2019-04-25', '10000'),
('t0020', 'sp020', 'pg017', 'pm017', 'p0020', '2019-04-25', '2019-04-26', '2019-04-26', '5000'),
('t0021', 'sp021', 'pg002', 'pm017', 'p0001', '2019-04-28', '2019-04-28', '2019-04-29', '50000'),
('t0022', 'sp022', 'pg003', 'pm018', 'p0002', '2019-04-29', '2019-04-30', '2019-04-30', '30000'),
('t0023', 'sp023', 'pg004', 'pm019', 'p0003', '2019-05-01', '2019-05-01', '2019-05-02', '20000'),
('t0024', 'sp024', 'pg005', 'pm020', 'p0004', '2019-05-02', '2019-05-02', '2019-05-03', '5000'),
('t0025', 'sp025', 'pg007', 'pm020', 'p0005', '2019-05-02', '2019-05-03', '2019-05-03', '10000'),
('t0026', 'sp026', 'pg006', 'pm001', 'p0006', '2019-05-02', '2019-05-03', '2019-05-03', '20000'),
('t0027', 'sp027', 'pg006', 'pm001', 'p0007', '2019-05-03', '2019-05-03', '2019-05-04', '4000'),
('t0028', 'sp028', 'pg009', 'pm001', 'p0008', '2019-05-04', '2019-05-05', '2019-05-05', '5000'),
('t0029', 'sp029', 'pg010', 'pm001', 'p0009', '2019-05-04', '2019-05-05', '2019-05-05', '10000'),
('t0030', 'sp030', 'pg001', 'pm001', 'p0010', '2019-05-04', '2019-05-05', '2019-05-05', '10000');

INSERT INTO detil_transaksi (b_id, t_id, dt_jumlah) VALUES
('b0001', 't0001', '2'),
('b0001', 't0002', '2'),
('b0002', 't0003', '1'),
('b0003', 't0004', '1'),
('b0004', 't0005', '2'),
('b0005', 't0006', '5'),
('b0006', 't0007', '2'),
('b0007', 't0008', '5'),
('b0008', 't0009', '3'),
('b0009', 't0010', '3'),
('b0010', 't0011', '2'),
('b0011', 't0012', '3'),
('b0012', 't0013', '2'),
('b0013', 't0014', '4'),
('b0014', 't0015', '2'),
('b0015', 't0016', '2'),
('b0016', 't0017', '2'),
('b0017', 't0018', '2'),
('b0018', 't0019', '2'),
('b0019', 't0020', '1'),
('b0020', 't0021', '2'),
('b0001', 't0022', '2'),
('b0002', 't0023', '2'),
('b0003', 't0024', '2'),
('b0004', 't0025', '3'),
('b0005', 't0026', '4'),
('b0006', 't0027', '1'),
('b0007', 't0028', '2'),
('b0008', 't0029', '3'),
('b0009', 't0030', '5');

INSERT INTO status_pengiriman (sp_id, t_id, sp_status, sp_alamat) VALUES
('sp001', 't0001', 'telah diterima', 'jalan merpati no 8'),
('sp002', 't0002', 'telah diterima', 'jalan kurcaci no 11'),
('sp003', 't0003', 'telah diterima', 'jalan mawar no 2'),
('sp004', 't0004', 'telah diterima', 'jalan edelweis no 4'),
('sp005', 't0005', 'telah diterima', 'jalan bukit tinggi no 8'),
('sp006', 't0006', 'telah diterima', 'jalan merpati no 8'),
('sp007', 't0007', 'telah diterima', 'jalan kurcaci no 11'),
('sp008', 't0008', 'telah diterima', 'jalan kurcaci no 11'),
('sp009', 't0009', 'telah diterima', 'jalan kurcaci no 4'),
('sp010', 't0010', 'telah diterima', 'jalan ada no 2'),
('sp011', 't0011', 'telah diterima', 'jalan segitiga no 5'),
('sp012', 't0012', 'telah diterima', 'jalan segitiga no 8'),
('sp013', 't0013', 'telah diterima', 'jalan persegi no 2'),
('sp014', 't0014', 'telah diterima', 'jalan bujur no 5'),
('sp015', 't0015', 'telah diterima', 'jalan lintang no 7'),
('sp016', 't0016', 'telah diterima', 'jalan lintang utara no 3'),
('sp017', 't0017', 'telah diterima', 'jalan puncak ada no 4'),
('sp018', 't0018', 'telah diterima', 'jalan puncak ada no 3'),
('sp019', 't0019', 'telah diterima', 'jalan lintang utara no 9'),
('sp020', 't0020', 'telah diterima', 'jalan lintang barat no 12'),
('sp021', 't0021', 'telah diterima', 'jalan lintang barat no 12'),
('sp022', 't0022', 'Perjalanan', 'jalan lintang timur no 7'),
('sp023', 't0023', 'Perjalanan', 'jalan puncak rama no 11'),
('sp024', 't0024', 'Perjalanan', 'jalan lintang selatan no 1'),
('sp025', 't0025', 'Perjalanan', 'jalan lintang selatan no 1'),
('sp026', 't0026', 'Perjalanan', 'jalan merpati no 8'),
('sp027', 't0027', 'Perjalanan', 'jalan merpati no 8'),
('sp028', 't0028', 'Perjalanan', 'jalan merpati no 8'),
('sp029', 't0029', 'Perjalanan', 'jalan merpati no 8'),
('sp030', 't0030', 'Perjalanan', 'jalan merpati no 8');
